"","type","Sex","Average"
"1","Bench","F",68.7430813328556
"2","Bench","M",143.284465220643
"3","Deadlift","F",139.656546040846
"4","Deadlift","M",231.289044876589
"5","Squat","F",121.928835542816
"6","Squat","M",214.060848915482
"7","TotalKg","F",330.327955929774
"8","TotalKg","M",588.633644727001
